"","Effect","ARMCD","_ARMCD","Estimate","StdErr","DF","tValue","Probt","Alpha","Lower","Upper"
"1","ARMCD","TRT","PBO",4.21488979997259,0.90527620094771,195.584197921463,4.65591583602897,5.9438569570101e-06,0.05,2.4295337081138,6.00024589183139
