"","Effect","ARMCD","_ARMCD","Estimate","StdErr","DF","tValue","Probt","Alpha","Lower","Upper"
"1","ARMCD","TRT","PBO",3.92287746213894,0.72537324518435,180.062730071701,5.40808127151413,2.0060237730601e-07,0.05,2.4915519913325,5.35420293294538
