"","Effect","ARMCD","_ARMCD","Estimate","StdErr","DF","tValue","Probt","Alpha","Lower","Upper"
"1","ARMCD","TRT","PBO",3.72344028834729,0.72712351949158,162.393385281755,5.12078097948303,8.5271779452934e-07,0.05,2.28760417101108,5.15927640568349
