"","Effect","ARMCD","_ARMCD","Estimate","StdErr","DF","tValue","Probt","Alpha","Lower","Upper"
"1","ARMCD","TRT","PBO",3.72344028834729,0.66158550758897,162.393385281755,5.62805600430501,7.8243188286883e-08,0.05,2.41702075846239,5.02985981823218
