"","Effect","ARMCD","_ARMCD","Estimate","StdErr","DF","tValue","Probt","Alpha","Lower","Upper"
"1","ARMCD","TRT","PBO",4.21488979997259,0.90552903839818,195.584197921463,4.65461583366607,5.9777049233939e-06,0.05,2.42903507036989,6.00074452957529
