"","Effect","ARMCD","_ARMCD","Estimate","StdErr","DF","tValue","Probt","Alpha","Lower","Upper"
"1","ARMCD","TRT","PBO",3.92287746213894,0.72543828853831,180.062730071701,5.40759637879484,2.0106987035365e-07,0.05,2.49142364608424,5.35433127819364
