"","Effect","ARMCD","_ARMCD","Estimate","StdErr","DF","tValue","Probt","Alpha","Lower","Upper"
"1","ARMCD","TRT","PBO",3.81972492174648,0.66124382270307,160.733266403768,5.77657558467911,3.8418051504164e-08,0.05,2.51387886026607,5.12557098322688
