"","Effect","ARMCD","_ARMCD","Estimate","StdErr","DF","tValue","Probt","Alpha","Lower","Upper"
"1","ARMCD","TRT","PBO",3.89892091409498,1.00281379688484,195,3.88798092547854,0.00013852817765,0.05,1.9211674812108,5.87667434697915
