"","Effect","ARMCD","_ARMCD","Estimate","StdErr","DF","tValue","Probt","Alpha","Lower","Upper"
"1","ARMCD","TRT","PBO",4.47051860580552,0.87390988854018,195,5.11553727040814,7.4564570361374e-07,0.05,2.74698998318302,6.19404722842802
