"","Effect","ARMCD","_ARMCD","Estimate","StdErr","DF","tValue","Probt","Alpha","Lower","Upper"
"1","ARMCD","TRT","PBO",3.22555420139968,0.76200584549261,195,4.23297829075638,3.549043071e-05,0.05,1.72272318582892,4.72838521697044
