"","Effect","ARMCD","_ARMCD","Estimate","StdErr","DF","tValue","Probt","Alpha","Lower","Upper"
"1","ARMCD","TRT","PBO",3.45014003160112,0.73422273273261,195,4.69903733266398,4.9289124613136e-06,0.05,2.00210298357247,4.89817707962976
