"","Effect","ARMCD","_ARMCD","Estimate","StdErr","DF","tValue","Probt","Alpha","Lower","Upper"
"1","ARMCD","TRT","PBO",3.72674356244499,0.67973236317634,195,5.48266312498375,1.287059168672e-07,0.05,2.38617264201034,5.06731448287964
