"","Effect","ARMCD","_ARMCD","Estimate","StdErr","DF","tValue","Probt","Alpha","Lower","Upper"
"1","ARMCD","TRT","PBO",3.81972492174648,0.63959860090712,195,5.97206578677483,1.091355954343e-08,0.05,2.55830596985182,5.08114387364113
