"","Effect","ARMCD","_ARMCD","Estimate","StdErr","DF","tValue","Probt","Alpha","Lower","Upper"
"1","ARMCD","TRT","PBO",3.55339913699551,0.93828496200941,195,3.78712148320656,0.00020288925063,0.05,1.70290973367629,5.40388854031474
