"","Effect","ARMCD","_ARMCD","Estimate","StdErr","DF","tValue","Probt","Alpha","Lower","Upper"
"1","ARMCD","TRT","PBO",4.21488979997259,0.80974821922674,195,5.20518563658905,4.8933014434658e-07,0.05,2.61790108150621,5.81187851843897
