"","Effect","ARMCD","_ARMCD","Estimate","StdErr","DF","tValue","Probt","Alpha","Lower","Upper"
"1","ARMCD","TRT","PBO",3.62838307125478,0.9766083014759,195,3.7152900152204,0.00026501407627,0.05,1.70231222258161,5.55445391992794
