"","Effect","ARMCD","_ARMCD","Estimate","StdErr","DF","tValue","Probt","Alpha","Lower","Upper"
"1","ARMCD","TRT","PBO",4.22574315817874,0.82581291651503,195,5.11707079614537,7.4032420379073e-07,0.05,2.59707157863797,5.8544147377195
