"","Effect","ARMCD","_ARMCD","Estimate","StdErr","DF","tValue","Probt","Alpha","Lower","Upper"
"1","ARMCD","TRT","PBO",3.77090812499029,0.67851405488729,195,5.55759766187403,8.9015699248867e-08,0.05,2.43273995709899,5.10907629288159
