"","Effect","ARMCD","_ARMCD","Estimate","StdErr","DF","tValue","Probt","Alpha","Lower","Upper"
"1","ARMCD","TRT","PBO",3.55589587492425,0.90291936438319,195,3.93822085912771,0.00011422599419,0.05,1.77515464651898,5.33663710332953
