"","Effect","ARMCD","_ARMCD","Estimate","StdErr","DF","tValue","Probt","Alpha","Lower","Upper"
"1","ARMCD","TRT","PBO",3.72344028834729,0.64461343431037,195,5.7762374939187,2.9784578495727e-08,0.05,2.4521310616983,4.99474951499627
