"","Effect","ARMCD","_ARMCD","Estimate","StdErr","DF","tValue","Probt","Alpha","Lower","Upper"
"1","ARMCD","TRT","PBO",3.41120066426548,0.77628714727105,195,4.39425111733094,1.823396069e-05,0.05,1.88020400746989,4.94219732106108
