"","Effect","ARMCD","_ARMCD","Estimate","StdErr","DF","tValue","Probt","Alpha","Lower","Upper"
"1","ARMCD","TRT","PBO",3.24391633584203,0.77913503559498,195,4.16348410435018,4.701782834e-05,0.05,1.70730306215642,4.78052960952764
