"","Effect","ARMCD","_ARMCD","Estimate","StdErr","DF","tValue","Probt","Alpha","Lower","Upper"
"1","ARMCD","TRT","PBO",4.19663617897035,0.79354667955483,195,5.28845534496419,3.2939546845416e-07,0.05,2.63160020268168,5.76167215525901
