"","Effect","ARMCD","_ARMCD","Estimate","StdErr","DF","tValue","Probt","Alpha","Lower","Upper"
"1","ARMCD","TRT","PBO",3.92287746213894,0.68088497850656,195,5.7614392826572,3.2103694414398e-08,0.05,2.58003334908046,5.26572157519741
