"","Effect","ARMCD","_ARMCD","Estimate","StdErr","DF","tValue","Probt","Alpha","Lower","Upper"
"1","ARMCD","TRT","PBO",3.49283663375976,0.73089269734199,195,4.77886377365925,3.4626194794307e-06,0.05,2.05136709501936,4.93430617250017
