"","Effect","NumDF","DenDF","ChiSq","FValue","ProbChiSq","ProbF"
"1","ARMCD",1,199.582314485653,0.03099660681111,0.03099660681111,0.86024795837881,0.86042646803505
"2","FEV1_BL",1,196.41571750149,11.5301174147263,11.5301174147263,0.00068477688975,0.00082860861048
"3","FEV1_BL*ARMCD",1,198.163532037944,0.7644368094469,0.7644368094469,0.38194359117097,0.38300197080559
