"","Effect","NumDF","DenDF","ChiSq","FValue","ProbChiSq","ProbF"
"1","ARMCD",1,199.582314485653,0.03099660681111,0.03099660681111,0.86024795837881,0.86042646803505
"2","FEV1_BL",1,198.163532037936,11.0435094615508,11.0435094615508,0.00088998227841,0.00105994994938
"3","FEV1_BL*ARMCD",1,198.163532037944,0.7644368094469,0.7644368094469,0.38194359117097,0.38300197080559
