"","Effect","NumDF","DenDF","ChiSq","FValue","ProbChiSq","ProbF"
"1","ARMCD",1,196.700026021882,0.03093826913613,0.03093826913613,0.86037817970071,0.86055912789767
"2","SEX",1,186.404412481085,0.10489707559679,0.10489707559679,0.74603026404544,0.74639336822641
"3","SEX*ARMCD",1,186.11901853766,0.46643535342468,0.46643535342468,0.49463165974308,0.49548089306181
"4","FEV1_BL*ARMCD",2,194.942672335072,12.2296433517045,6.11482167585228,0.00220986980743,0.0026566780461
