"","Effect","NumDF","DenDF","ChiSq","FValue","ProbChiSq","ProbF"
"1","ARMCD",1,197.423866403271,0.04875135180324,0.04875135180324,0.82525043506483,0.82547861285648
"2","SEX",1,186.119018537661,0.09277653315012,0.09277653315012,0.76067660529697,0.76101691812013
"3","SEX*ARMCD",1,186.11901853766,0.46643535342468,0.46643535342468,0.49463165974308,0.49548089306181
"4","FEV1_BL*ARMCD",2,194.942672335072,12.2296433517045,6.11482167585228,0.00220986980743,0.0026566780461
