"","Effect","ARMCD","_ARMCD","Estimate","StdErr","DF","tValue","Probt","Alpha","Lower","Upper"
"1","ARMCD","TRT","PBO",4.19663617897035,0.7964696053595,177.038485931223,5.26904749500904,3.9513758117516e-07,0.05,2.62483985242729,5.7684325055134
