"","Effect","ARMCD","_ARMCD","Estimate","StdErr","DF","tValue","Probt","Alpha","Lower","Upper"
"1","ARMCD","TRT","PBO",3.77090812499029,0.67403858183242,190.737701349941,5.59449893022268,7.5979370864976e-08,0.05,2.44138098548593,5.10043526449464
