"","Effect","ARMCD","_ARMCD","Estimate","StdErr","DF","tValue","Probt","Alpha","Lower","Upper"
"1","ARMCD","TRT","PBO",3.72674356244499,0.75924807546934,188.225339095373,4.90846626136162,1.9827820499298e-06,0.05,2.22901482545413,5.22447229943586
