"","Effect","ARMCD","_ARMCD","Estimate","StdErr","DF","tValue","Probt","Alpha","Lower","Upper"
"1","ARMCD","TRT","PBO",4.22574315817874,0.96058142305176,188.46934887972,4.39915144804024,1.815453738e-05,0.05,2.3308705916013,6.12061572475617
