"","Effect","ARMCD","_ARMCD","Estimate","StdErr","DF","tValue","Probt","Alpha","Lower","Upper"
"1","ARMCD","TRT","PBO",3.72674356244499,0.7590316099633,188.225339095373,4.90986608927285,1.9702804119225e-06,0.05,2.22944183557037,5.22404528931962
