"","Effect","ARMCD","_ARMCD","Estimate","StdErr","DF","tValue","Probt","Alpha","Lower","Upper"
"1","ARMCD","TRT","PBO",4.22574315817874,0.95865439662225,188.46934887972,4.40799434401785,1.749576207e-05,0.05,2.33467190342009,6.11681441293738
