"","Effect","ARMCD","_ARMCD","Estimate","StdErr","DF","tValue","Probt","Alpha","Lower","Upper"
"1","ARMCD","TRT","PBO",3.72344028834729,0.66172017349971,162.393385281755,5.62691064510651,7.8678872626732e-08,0.05,2.41675483641031,5.03012574028427
