"","Effect","ARMCD","_ARMCD","Estimate","StdErr","DF","tValue","Probt","Alpha","Lower","Upper"
"1","ARMCD","TRT","PBO",3.77090812499029,0.67414806011886,190.737701349941,5.59359041146748,7.6321785400906e-08,0.05,2.44116504183384,5.10065120814674
