"","Effect","ARMCD","_ARMCD","Estimate","StdErr","DF","tValue","Probt","Alpha","Lower","Upper"
"1","ARMCD","TRT","PBO",4.47051860580552,0.87839805519623,160.027408337368,5.08939948052002,9.9712975278958e-07,0.05,2.73577118036349,6.20526603124755
